time	swapouts	swapusage	free_pct	server_rss_gib
13:44:21	2128656	total = 3072.00M  used = 2754.19M  free = 317.81M  (encrypted)	13%	97.7
13:44:26	2128656	total = 3072.00M  used = 2754.19M  free = 317.81M  (encrypted)	9%	97.7
13:44:31	2128656	total = 3072.00M  used = 2754.19M  free = 317.81M  (encrypted)	9%	97.7
13:44:36	2128656	total = 3072.00M  used = 2754.19M  free = 317.81M  (encrypted)	8%	97.7
13:44:41	2128656	total = 3072.00M  used = 2754.19M  free = 317.81M  (encrypted)	9%	97.7
13:44:46	2128656	total = 3072.00M  used = 2754.19M  free = 317.81M  (encrypted)	9%	97.7
13:44:51	2128656	total = 3072.00M  used = 2698.19M  free = 373.81M  (encrypted)	8%	97.8
13:44:56	2128656	total = 3072.00M  used = 2698.19M  free = 373.81M  (encrypted)	9%	97.8
13:45:01	2128656	total = 3072.00M  used = 2698.19M  free = 373.81M  (encrypted)	9%	97.8
13:45:06	2128656	total = 3072.00M  used = 2698.19M  free = 373.81M  (encrypted)	9%	97.8
13:45:11	2128656	total = 3072.00M  used = 2698.19M  free = 373.81M  (encrypted)	8%	97.8
13:45:16	2128656	total = 3072.00M  used = 2682.19M  free = 389.81M  (encrypted)	8%	97.9
13:45:21	2128656	total = 3072.00M  used = 2682.19M  free = 389.81M  (encrypted)	8%	97.9
13:45:26	2128656	total = 3072.00M  used = 2682.19M  free = 389.81M  (encrypted)	8%	97.8
13:45:31	2128656	total = 3072.00M  used = 2682.19M  free = 389.81M  (encrypted)	9%	97.7
13:45:36	2128656	total = 3072.00M  used = 2682.19M  free = 389.81M  (encrypted)	9%	97.7
13:45:41	2128656	total = 3072.00M  used = 2682.19M  free = 389.81M  (encrypted)	9%	97.7
13:45:46	2128656	total = 3072.00M  used = 2682.19M  free = 389.81M  (encrypted)	8%	98.0
13:45:51	2128656	total = 3072.00M  used = 2682.19M  free = 389.81M  (encrypted)	9%	98.0
13:45:56	2128656	total = 3072.00M  used = 2682.19M  free = 389.81M  (encrypted)	8%	98.0
13:46:01	2128656	total = 3072.00M  used = 2682.19M  free = 389.81M  (encrypted)	9%	98.0
13:46:06	2128656	total = 3072.00M  used = 2682.19M  free = 389.81M  (encrypted)	8%	98.0
13:46:11	2128656	total = 3072.00M  used = 2682.19M  free = 389.81M  (encrypted)	9%	98.0
13:46:16	2128656	total = 3072.00M  used = 2682.19M  free = 389.81M  (encrypted)	8%	98.1
13:46:21	2128656	total = 3072.00M  used = 2682.19M  free = 389.81M  (encrypted)	8%	98.1
13:46:26	2128656	total = 3072.00M  used = 2682.19M  free = 389.81M  (encrypted)	8%	98.1
13:46:31	2128656	total = 3072.00M  used = 2682.19M  free = 389.81M  (encrypted)	8%	98.1
13:46:36	2128656	total = 3072.00M  used = 2682.19M  free = 389.81M  (encrypted)	8%	98.1
13:46:41	2128656	total = 3072.00M  used = 2682.19M  free = 389.81M  (encrypted)	8%	98.1
13:46:46	2128656	total = 3072.00M  used = 2682.19M  free = 389.81M  (encrypted)	8%	98.2
13:46:51	2128656	total = 3072.00M  used = 2682.19M  free = 389.81M  (encrypted)	8%	98.2
13:46:56	2128656	total = 3072.00M  used = 2682.19M  free = 389.81M  (encrypted)	10%	98.2
13:47:01	2128656	total = 3072.00M  used = 2682.19M  free = 389.81M  (encrypted)	9%	98.2
13:47:06	2128656	total = 3072.00M  used = 2682.19M  free = 389.81M  (encrypted)	8%	98.2
13:47:11	2128656	total = 3072.00M  used = 2682.19M  free = 389.81M  (encrypted)	8%	98.3
13:47:16	2128656	total = 3072.00M  used = 2682.19M  free = 389.81M  (encrypted)	8%	98.3
13:47:21	2128656	total = 3072.00M  used = 2682.19M  free = 389.81M  (encrypted)	8%	98.2
13:47:26	2128656	total = 3072.00M  used = 2682.19M  free = 389.81M  (encrypted)	8%	98.2
13:47:31	2128656	total = 3072.00M  used = 2682.19M  free = 389.81M  (encrypted)	8%	98.2
13:47:36	2128656	total = 3072.00M  used = 2682.19M  free = 389.81M  (encrypted)	8%	98.0
13:47:41	2128656	total = 3072.00M  used = 2682.19M  free = 389.81M  (encrypted)	8%	97.9
13:47:46	2128656	total = 3072.00M  used = 2682.19M  free = 389.81M  (encrypted)	8%	97.7
13:47:51	2128656	total = 3072.00M  used = 2682.19M  free = 389.81M  (encrypted)	8%	97.7
13:47:56	2128656	total = 3072.00M  used = 2682.19M  free = 389.81M  (encrypted)	7%	98.3
13:48:01	2128656	total = 3072.00M  used = 2682.19M  free = 389.81M  (encrypted)	8%	98.3
13:48:06	2128656	total = 3072.00M  used = 2682.19M  free = 389.81M  (encrypted)	8%	98.4
13:48:11	2128656	total = 3072.00M  used = 2682.19M  free = 389.81M  (encrypted)	8%	98.3
13:48:16	2128656	total = 3072.00M  used = 2682.19M  free = 389.81M  (encrypted)	8%	98.3
13:48:21	2128656	total = 3072.00M  used = 2682.19M  free = 389.81M  (encrypted)	8%	98.4
13:48:26	2128656	total = 3072.00M  used = 2682.19M  free = 389.81M  (encrypted)	7%	97.9
13:48:31	2128656	total = 3072.00M  used = 2682.19M  free = 389.81M  (encrypted)	8%	97.9
13:48:36	2128656	total = 3072.00M  used = 2682.19M  free = 389.81M  (encrypted)	8%	98.4
13:48:41	2128656	total = 3072.00M  used = 2682.19M  free = 389.81M  (encrypted)	7%	98.3
13:48:46	2128656	total = 3072.00M  used = 2682.19M  free = 389.81M  (encrypted)	7%	98.0
13:48:51	2128656	total = 3072.00M  used = 2682.19M  free = 389.81M  (encrypted)	8%	97.9
13:48:57	2128656	total = 3072.00M  used = 2682.19M  free = 389.81M  (encrypted)	8%	97.9
13:49:02	2128656	total = 3072.00M  used = 2682.19M  free = 389.81M  (encrypted)	7%	98.0
13:49:07	2128656	total = 3072.00M  used = 2682.19M  free = 389.81M  (encrypted)	8%	97.8
13:49:12	2128656	total = 3072.00M  used = 2682.19M  free = 389.81M  (encrypted)	8%	97.8
13:49:17	2128656	total = 3072.00M  used = 2682.19M  free = 389.81M  (encrypted)	7%	98.5
13:49:22	2128656	total = 3072.00M  used = 2682.19M  free = 389.81M  (encrypted)	7%	98.5
13:49:27	2128656	total = 3072.00M  used = 2682.19M  free = 389.81M  (encrypted)	7%	98.5
13:49:32	2128656	total = 3072.00M  used = 2682.19M  free = 389.81M  (encrypted)	8%	98.5
13:49:37	2128656	total = 3072.00M  used = 2682.19M  free = 389.81M  (encrypted)	8%	98.5
13:49:42	2128656	total = 3072.00M  used = 2682.19M  free = 389.81M  (encrypted)	8%	98.5
13:49:47	2128656	total = 3072.00M  used = 2682.19M  free = 389.81M  (encrypted)	8%	98.5
13:49:52	2128656	total = 3072.00M  used = 2682.19M  free = 389.81M  (encrypted)	8%	98.5
13:49:57	2128656	total = 3072.00M  used = 2682.19M  free = 389.81M  (encrypted)	7%	98.5
13:50:02	2128656	total = 3072.00M  used = 2682.19M  free = 389.81M  (encrypted)	8%	98.5
13:50:07	2128656	total = 3072.00M  used = 2682.19M  free = 389.81M  (encrypted)	8%	98.6
13:50:12	2128656	total = 3072.00M  used = 2682.19M  free = 389.81M  (encrypted)	8%	98.4
13:50:17	2128656	total = 3072.00M  used = 2682.19M  free = 389.81M  (encrypted)	7%	98.0
13:50:22	2128656	total = 3072.00M  used = 2682.19M  free = 389.81M  (encrypted)	8%	97.9
13:50:27	2128656	total = 3072.00M  used = 2674.19M  free = 397.81M  (encrypted)	8%	97.9
13:50:32	2128656	total = 3072.00M  used = 2674.19M  free = 397.81M  (encrypted)	9%	97.9
13:50:37	2128656	total = 3072.00M  used = 2674.19M  free = 397.81M  (encrypted)	9%	97.9
13:50:42	2128656	total = 3072.00M  used = 2674.19M  free = 397.81M  (encrypted)	9%	97.9
13:50:47	2128656	total = 3072.00M  used = 2674.19M  free = 397.81M  (encrypted)	9%	98.0
13:50:52	2128656	total = 3072.00M  used = 2674.19M  free = 397.81M  (encrypted)	9%	98.0
13:50:57	2128656	total = 3072.00M  used = 2666.19M  free = 405.81M  (encrypted)	9%	98.7
13:51:02	2128656	total = 3072.00M  used = 2666.19M  free = 405.81M  (encrypted)	9%	98.7
13:51:07	2128656	total = 3072.00M  used = 2666.19M  free = 405.81M  (encrypted)	9%	98.7
13:51:12	2128656	total = 3072.00M  used = 2666.19M  free = 405.81M  (encrypted)	9%	98.7
13:51:17	2128656	total = 3072.00M  used = 2666.19M  free = 405.81M  (encrypted)	9%	98.7
13:51:22	2128656	total = 3072.00M  used = 2666.19M  free = 405.81M  (encrypted)	9%	98.7
13:51:27	2128656	total = 3072.00M  used = 2666.19M  free = 405.81M  (encrypted)	9%	98.7
13:51:32	2128656	total = 3072.00M  used = 2666.19M  free = 405.81M  (encrypted)	9%	98.7
13:51:37	2128656	total = 3072.00M  used = 2666.19M  free = 405.81M  (encrypted)	9%	98.7
13:51:42	2128656	total = 3072.00M  used = 2666.19M  free = 405.81M  (encrypted)	9%	98.8
13:51:47	2128656	total = 3072.00M  used = 2666.19M  free = 405.81M  (encrypted)	9%	98.8
13:51:52	2128656	total = 3072.00M  used = 2666.19M  free = 405.81M  (encrypted)	9%	98.8
13:51:57	2128656	total = 3072.00M  used = 2666.19M  free = 405.81M  (encrypted)	9%	98.5
13:52:02	2128656	total = 3072.00M  used = 2666.19M  free = 405.81M  (encrypted)	9%	98.6
13:52:07	2128656	total = 3072.00M  used = 2666.19M  free = 405.81M  (encrypted)	10%	98.5
13:52:12	2128656	total = 3072.00M  used = 2666.19M  free = 405.81M  (encrypted)	9%	98.6
13:52:17	2128656	total = 3072.00M  used = 2666.19M  free = 405.81M  (encrypted)	9%	98.5
13:52:22	2128656	total = 3072.00M  used = 2666.19M  free = 405.81M  (encrypted)	9%	98.5
13:52:27	2128656	total = 3072.00M  used = 2666.19M  free = 405.81M  (encrypted)	9%	98.9
13:52:32	2128656	total = 3072.00M  used = 2666.19M  free = 405.81M  (encrypted)	9%	98.9
13:52:37	2128656	total = 3072.00M  used = 2666.19M  free = 405.81M  (encrypted)	9%	98.9
13:52:42	2128656	total = 3072.00M  used = 2666.19M  free = 405.81M  (encrypted)	9%	98.9
13:52:47	2128656	total = 3072.00M  used = 2666.19M  free = 405.81M  (encrypted)	9%	98.9
13:52:52	2128656	total = 3072.00M  used = 2666.19M  free = 405.81M  (encrypted)	10%	98.9
13:52:57	2128656	total = 3072.00M  used = 2666.19M  free = 405.81M  (encrypted)	9%	98.9
13:53:02	2128656	total = 3072.00M  used = 2666.19M  free = 405.81M  (encrypted)	9%	98.9
13:53:07	2128656	total = 3072.00M  used = 2666.19M  free = 405.81M  (encrypted)	10%	98.9
13:53:12	2128656	total = 3072.00M  used = 2666.19M  free = 405.81M  (encrypted)	9%	99.0
13:53:17	2128656	total = 3072.00M  used = 2666.19M  free = 405.81M  (encrypted)	9%	99.0
13:53:22	2128656	total = 3072.00M  used = 2666.19M  free = 405.81M  (encrypted)	10%	99.0
13:53:27	2128656	total = 3072.00M  used = 2666.19M  free = 405.81M  (encrypted)	9%	99.0
13:53:32	2128656	total = 3072.00M  used = 2666.19M  free = 405.81M  (encrypted)	9%	99.0
13:53:37	2128656	total = 3072.00M  used = 2666.19M  free = 405.81M  (encrypted)	9%	99.0
13:53:42	2128656	total = 3072.00M  used = 2666.19M  free = 405.81M  (encrypted)	9%	99.0
13:53:47	2128656	total = 3072.00M  used = 2666.19M  free = 405.81M  (encrypted)	9%	99.0
13:53:52	2128656	total = 3072.00M  used = 2666.19M  free = 405.81M  (encrypted)	9%	99.0
13:53:57	2128656	total = 3072.00M  used = 2666.19M  free = 405.81M  (encrypted)	10%	99.1
13:54:03	2128656	total = 3072.00M  used = 2666.19M  free = 405.81M  (encrypted)	10%	99.1
13:54:08	2128656	total = 3072.00M  used = 2666.19M  free = 405.81M  (encrypted)	9%	99.1
13:54:13	2128656	total = 3072.00M  used = 2666.19M  free = 405.81M  (encrypted)	10%	99.1
13:54:18	2128656	total = 3072.00M  used = 2666.19M  free = 405.81M  (encrypted)	10%	99.1
13:54:23	2128656	total = 3072.00M  used = 2666.19M  free = 405.81M  (encrypted)	10%	99.1
13:54:28	2128656	total = 3072.00M  used = 2666.19M  free = 405.81M  (encrypted)	10%	99.1
13:54:33	2128656	total = 3072.00M  used = 2666.19M  free = 405.81M  (encrypted)	9%	99.1
13:54:38	2128656	total = 3072.00M  used = 2666.19M  free = 405.81M  (encrypted)	10%	99.1
13:54:43	2128656	total = 3072.00M  used = 2666.19M  free = 405.81M  (encrypted)	10%	99.1
13:54:48	2128656	total = 3072.00M  used = 2666.19M  free = 405.81M  (encrypted)	10%	99.2
13:54:53	2128656	total = 3072.00M  used = 2666.19M  free = 405.81M  (encrypted)	10%	99.2
13:54:58	2128656	total = 3072.00M  used = 2666.19M  free = 405.81M  (encrypted)	10%	99.2
13:55:03	2128656	total = 3072.00M  used = 2666.19M  free = 405.81M  (encrypted)	10%	99.2
13:55:08	2128656	total = 3072.00M  used = 2666.19M  free = 405.81M  (encrypted)	10%	99.2
13:55:13	2128656	total = 3072.00M  used = 2666.19M  free = 405.81M  (encrypted)	10%	99.2
13:55:18	2128656	total = 3072.00M  used = 2666.19M  free = 405.81M  (encrypted)	10%	99.2
13:55:23	2128656	total = 3072.00M  used = 2666.19M  free = 405.81M  (encrypted)	10%	99.2
13:55:28	2128656	total = 3072.00M  used = 2666.19M  free = 405.81M  (encrypted)	10%	99.2
13:55:33	2128656	total = 3072.00M  used = 2666.19M  free = 405.81M  (encrypted)	10%	99.2
13:55:38	2128656	total = 3072.00M  used = 2666.19M  free = 405.81M  (encrypted)	10%	99.2
13:55:43	2128656	total = 3072.00M  used = 2666.19M  free = 405.81M  (encrypted)	10%	99.3
13:55:48	2128656	total = 3072.00M  used = 2666.19M  free = 405.81M  (encrypted)	10%	99.3
13:55:53	2128656	total = 3072.00M  used = 2666.19M  free = 405.81M  (encrypted)	10%	99.3
13:55:58	2128656	total = 3072.00M  used = 2666.19M  free = 405.81M  (encrypted)	10%	99.3
13:56:03	2128656	total = 3072.00M  used = 2666.19M  free = 405.81M  (encrypted)	10%	99.3
13:56:08	2128656	total = 3072.00M  used = 2666.19M  free = 405.81M  (encrypted)	10%	99.3
13:56:13	2128656	total = 3072.00M  used = 2666.19M  free = 405.81M  (encrypted)	10%	99.3
13:56:18	2128656	total = 3072.00M  used = 2666.19M  free = 405.81M  (encrypted)	10%	99.3
13:56:23	2128656	total = 3072.00M  used = 2666.19M  free = 405.81M  (encrypted)	10%	99.3
13:56:28	2128656	total = 3072.00M  used = 2666.19M  free = 405.81M  (encrypted)	10%	99.3
13:56:33	2128656	total = 3072.00M  used = 2666.19M  free = 405.81M  (encrypted)	10%	99.4
13:56:38	2128656	total = 3072.00M  used = 2666.19M  free = 405.81M  (encrypted)	10%	99.4
13:56:43	2128656	total = 3072.00M  used = 2666.19M  free = 405.81M  (encrypted)	10%	99.4
13:56:48	2128656	total = 3072.00M  used = 2666.19M  free = 405.81M  (encrypted)	10%	99.4
13:56:53	2128656	total = 3072.00M  used = 2666.19M  free = 405.81M  (encrypted)	10%	99.4
13:56:58	2128656	total = 3072.00M  used = 2666.19M  free = 405.81M  (encrypted)	10%	99.4
13:57:03	2128656	total = 3072.00M  used = 2666.19M  free = 405.81M  (encrypted)	10%	99.4
13:57:08	2128656	total = 3072.00M  used = 2666.19M  free = 405.81M  (encrypted)	10%	99.4
13:57:13	2128656	total = 3072.00M  used = 2666.19M  free = 405.81M  (encrypted)	10%	99.4
13:57:18	2128656	total = 3072.00M  used = 2666.19M  free = 405.81M  (encrypted)	10%	99.4
13:57:23	2128656	total = 3072.00M  used = 2666.19M  free = 405.81M  (encrypted)	10%	99.4
13:57:28	2128656	total = 3072.00M  used = 2666.19M  free = 405.81M  (encrypted)	10%	99.5
13:57:33	2128656	total = 3072.00M  used = 2666.19M  free = 405.81M  (encrypted)	10%	99.5
13:57:38	2128656	total = 3072.00M  used = 2666.19M  free = 405.81M  (encrypted)	10%	99.5
13:57:43	2128656	total = 3072.00M  used = 2666.19M  free = 405.81M  (encrypted)	10%	99.5
13:57:48	2128656	total = 3072.00M  used = 2666.19M  free = 405.81M  (encrypted)	10%	99.5
13:57:53	2128656	total = 3072.00M  used = 2666.19M  free = 405.81M  (encrypted)	10%	99.5
13:57:58	2128656	total = 3072.00M  used = 2666.19M  free = 405.81M  (encrypted)	10%	99.5
13:58:03	2128656	total = 3072.00M  used = 2666.19M  free = 405.81M  (encrypted)	10%	99.5
13:58:08	2128656	total = 3072.00M  used = 2666.19M  free = 405.81M  (encrypted)	10%	99.5
13:58:13	2128656	total = 3072.00M  used = 2666.19M  free = 405.81M  (encrypted)	10%	99.5
13:58:18	2128656	total = 3072.00M  used = 2666.19M  free = 405.81M  (encrypted)	10%	99.5
13:58:23	2128656	total = 3072.00M  used = 2666.19M  free = 405.81M  (encrypted)	10%	99.5
13:58:28	2128656	total = 3072.00M  used = 2666.19M  free = 405.81M  (encrypted)	10%	99.6
13:58:33	2128656	total = 3072.00M  used = 2666.19M  free = 405.81M  (encrypted)	10%	99.6
13:58:38	2128656	total = 3072.00M  used = 2666.19M  free = 405.81M  (encrypted)	10%	99.6
13:58:43	2128656	total = 3072.00M  used = 2666.19M  free = 405.81M  (encrypted)	10%	99.6
13:58:48	2128656	total = 3072.00M  used = 2666.19M  free = 405.81M  (encrypted)	10%	99.6
13:58:53	2128656	total = 3072.00M  used = 2666.19M  free = 405.81M  (encrypted)	10%	99.6
13:58:58	2128656	total = 3072.00M  used = 2666.19M  free = 405.81M  (encrypted)	10%	99.6
13:59:03	2128656	total = 3072.00M  used = 2666.19M  free = 405.81M  (encrypted)	10%	99.6
13:59:08	2128656	total = 3072.00M  used = 2666.19M  free = 405.81M  (encrypted)	10%	99.6
13:59:14	2128656	total = 3072.00M  used = 2666.19M  free = 405.81M  (encrypted)	10%	99.6
13:59:19	2128656	total = 3072.00M  used = 2666.19M  free = 405.81M  (encrypted)	10%	99.6
13:59:24	2128656	total = 3072.00M  used = 2666.19M  free = 405.81M  (encrypted)	10%	99.6
13:59:29	2128656	total = 3072.00M  used = 2666.19M  free = 405.81M  (encrypted)	9%	98.6
13:59:34	2128656	total = 3072.00M  used = 2666.19M  free = 405.81M  (encrypted)	9%	98.6
13:59:39	2128656	total = 3072.00M  used = 2666.19M  free = 405.81M  (encrypted)	10%	98.6
13:59:44	2128656	total = 3072.00M  used = 2666.19M  free = 405.81M  (encrypted)	10%	98.7
13:59:49	2128656	total = 3072.00M  used = 2666.19M  free = 405.81M  (encrypted)	10%	98.7
13:59:54	2128656	total = 3072.00M  used = 2666.19M  free = 405.81M  (encrypted)	10%	98.7
13:59:59	2128656	total = 3072.00M  used = 2666.19M  free = 405.81M  (encrypted)	10%	98.6
14:00:04	2128656	total = 3072.00M  used = 2658.19M  free = 413.81M  (encrypted)	11%	98.6
14:00:09	2128656	total = 3072.00M  used = 2658.19M  free = 413.81M  (encrypted)	11%	98.6
14:00:14	2128656	total = 3072.00M  used = 2658.19M  free = 413.81M  (encrypted)	11%	98.6
